Top pages,Clicks,Impressions,CTR,Position
https://synergyspineandnerve.com/,1224,80385,1.52%,10.06
https://synergyspineandnerve.com/liquid-vs-gel-cap-fish-oil-which-should-i-take/,213,28955,0.74%,9.08
https://synergyspineandnerve.com/about-us/meet-dr-brad/,146,3334,4.38%,18.89
https://synergyspineandnerve.com/nerve-chart/,101,9024,1.12%,23.37
https://synergyspineandnerve.com/schedule/,75,3483,2.15%,13.95
https://synergyspineandnerve.com/about-us/meet-austin/,18,934,1.93%,28.15
https://synergyspineandnerve.com/about-us/meet-dr-brad/dr-brads-full-story/,18,803,2.24%,24.11
https://synergyspineandnerve.com/contact-us/,13,2296,0.57%,12.19
https://synergyspineandnerve.com/resources/improve-your-sha-score/,13,1425,0.91%,15.01
https://synergyspineandnerve.com/posture-exercises-for-kids/,10,1608,0.62%,23.7
https://synergyspineandnerve.com/chiropractic-tijeras-nm/,10,189,5.29%,10.89
https://synergyspineandnerve.com/resources/videos/,9,448,2.01%,14.69
https://synergyspineandnerve.com/about-us/meet-jess/,9,374,2.41%,15.03
https://synergyspineandnerve.com/chiropractic-placitas-nm/,6,425,1.41%,19.25
https://synergyspineandnerve.com/testimonials/,6,346,1.73%,11.25
https://synergyspineandnerve.com/chiropractic-edgewood-nm/,6,129,4.65%,11.45
https://synergyspineandnerve.com/about-us/,5,1498,0.33%,12.8
https://synergyspineandnerve.com/new-folks/np-schedule/,4,926,0.43%,6.31
https://synergyspineandnerve.com/area-we-serve/,4,843,0.47%,10.89
https://synergyspineandnerve.com/sitemap/,4,268,1.49%,24.87
https://synergyspineandnerve.com/chiropractic-los-lunas-nm/,4,219,1.83%,8.29
https://synergyspineandnerve.com/chiropractic-moriarty-nm/,4,65,6.15%,9.4
https://synergyspineandnerve.com/high-fructose-corn-syrup-just-how-bad-is-it/,3,892,0.34%,63.07
https://synergyspineandnerve.com/traction/,3,437,0.69%,27.62
https://synergyspineandnerve.com/chiropractor-corrales-nm/,3,150,2%,9.15
https://synergyspineandnerve.com/chiropractic-belen-nm/,3,106,2.83%,9.79
https://synergyspineandnerve.com/resources/all-about-spinal-hygiene/,2,1329,0.15%,19.48
https://synergyspineandnerve.com/feeling-good-does-not-mean-you-are-healthy/,2,490,0.41%,11.69
https://synergyspineandnerve.com/about-us/meet-bert/,2,171,1.17%,21.91
https://synergyspineandnerve.com/chiropractic-los-ranchos-de-albuquerque/,2,56,3.57%,16.38
https://synergyspineandnerve.com/chiropractic-sandia-park-nm/,2,54,3.7%,10.8
https://synergyspineandnerve.com/its-not-about-the-score/,2,23,8.7%,16.83
https://synergyspineandnerve.com/neuropathy/,1,15879,0.01%,11.35
https://synergyspineandnerve.com/why-you-should-live-like-a-chicken/,1,672,0.15%,14.76
https://synergyspineandnerve.com/happy-birthday-bj-palmer/,1,514,0.19%,24.75
https://synergyspineandnerve.com/new-folks/our-vision/,1,452,0.22%,44
https://synergyspineandnerve.com/what-you-need-to-know-about-arsenic-found-in-rice/,1,392,0.26%,71.35
https://synergyspineandnerve.com/triune-of-care/,1,331,0.3%,35.84
https://synergyspineandnerve.com/chiropractor-bernalillo-nm/,1,329,0.3%,15.36
https://synergyspineandnerve.com/how-to-find-the-best-chiropractor-in-rio-rancho/,1,285,0.35%,35.21
https://synergyspineandnerve.com/griego-family-thank-you/,1,243,0.41%,28.33
https://synergyspineandnerve.com/8-ways-to-improve-your-sha-score/,1,216,0.46%,16.96
https://synergyspineandnerve.com/sb471-drugs-for-new-mexico-chiropractors/,1,155,0.65%,25.25
https://synergyspineandnerve.com/new-folks/intake-forms/,1,112,0.89%,21.31
https://synergyspineandnerve.com/sitting-is-to-the-spine-as-sugar-is-to-the-teeth/,1,102,0.98%,34.89
https://synergyspineandnerve.com/do-you-need-to-take-vitamin-d-2/,1,89,1.12%,44.42
https://synergyspineandnerve.com/chiropractic-bosque-farms-nm/,1,54,1.85%,9.07
https://synergyspineandnerve.com/chiropractic-cedar-crest-nm/,1,39,2.56%,9.85
https://synergyspineandnerve.com/are-you-addicted-to-sugar/,1,17,5.88%,23.18
https://synergyspineandnerve.com/6-way-strap/,1,13,7.69%,8.54
https://synergyspineandnerve.com/helpful-stretches/,1,10,10%,23.6
https://synergyspineandnerve.com/rof/,1,6,16.67%,4.33
https://synergyspineandnerve.com/did-chiropractic-care-cause-katie-mays-death/,0,1320,0%,41.5
https://synergyspineandnerve.com/would-you-shoot-a-cannon-from-a-canoe/,0,955,0%,19.11
https://synergyspineandnerve.com/should-your-chiropractor-prescribe-drugs/,0,655,0%,72.36
https://synergyspineandnerve.com/what-is-a-subluxation/,0,609,0%,30.57
https://synergyspineandnerve.com/how-many-pushups-can-you-do/,0,608,0%,53.06
https://synergyspineandnerve.com/resources/all-about-nutrition/,0,344,0%,50.24
https://synergyspineandnerve.com/resources/,0,335,0%,12.3
https://synergyspineandnerve.com/new-folks/first-visit/,0,311,0%,40.35
https://synergyspineandnerve.com/new-folks/,0,305,0%,13.29
https://synergyspineandnerve.com/chiropractor-albuquerque-nm/,0,279,0%,25.53
https://synergyspineandnerve.com/blog/,0,263,0%,25.14
https://synergyspineandnerve.com/degeneration/,0,262,0%,24.4
https://synergyspineandnerve.com/resources/videos/spinal-hygiene-videos/,0,250,0%,30.41
https://synergyspineandnerve.com/temporary-closing-of-straight-chiropractic/,0,244,0%,32.69
https://synergyspineandnerve.com/do-painkillers-work-for-back-pain/,0,243,0%,57.43
https://synergyspineandnerve.com/resources/essential-nutrients-supplements/,0,194,0%,37.45
https://synergyspineandnerve.com/chiropractic-history/,0,188,0%,24.45
https://synergyspineandnerve.com/should-a-chiropractic-adjustment-hurt/?utm_source=rss&utm_medium=rss&utm_campaign=should-a-chiropractic-adjustment-hurt,0,173,0%,73.77
https://synergyspineandnerve.com/how-long-does-it-take-to-brush/,0,156,0%,57.04
https://synergyspineandnerve.com/will-calcium-prevent-osteoporosis/,0,156,0%,71.78
https://synergyspineandnerve.com/how-chiropractic-care-benefits-the-entire-family/?utm_source=rss&utm_medium=rss&utm_campaign=how-chiropractic-care-benefits-the-entire-family,0,152,0%,24.36
https://synergyspineandnerve.com/spinal-hygiene-video/,0,133,0%,28.76
https://synergyspineandnerve.com/chiropractic-research/,0,126,0%,17.45
https://synergyspineandnerve.com/the-most-evidence-based-spinal-healthcare-protocol/,0,124,0%,27.78
https://synergyspineandnerve.com/will-exercise-make-you-smarter/,0,123,0%,60.17
https://synergyspineandnerve.com/purchase-supplements-2/,0,120,0%,20.43
https://synergyspineandnerve.com/resources/calendar/,0,107,0%,23.49
https://synergyspineandnerve.com/4-tips-to-finding-the-best-chiropractor-for-you-in-rio-rancho/,0,100,0%,32.94
https://synergyspineandnerve.com/melt-away-your-stress-with-chiropractic-care/,0,100,0%,35.68
https://synergyspineandnerve.com/are-you-the-special/,0,93,0%,29.75
https://synergyspineandnerve.com/why-eat-grass-fed-beef/,0,59,0%,17.59
https://synergyspineandnerve.com/two-reasons-you-should-not-supplement-with-vitamin-d/,0,47,0%,11.79
https://synergyspineandnerve.com/what-will-be-the-cause-of-your-death/,0,42,0%,35.26
https://synergyspineandnerve.com/3-habits-to-improve-your-core-strength/,0,39,0%,10.36
https://synergyspineandnerve.com/backpack-analogy/,0,37,0%,15.59
https://synergyspineandnerve.com/forget-cholesterol-inflammation-is-the-real-cause-of-heart-disease/,0,37,0%,55.08
https://synergyspineandnerve.com/chiropractor-ponderosa-nm/,0,32,0%,14.88
https://synergyspineandnerve.com/chiropractic-north-valley/,0,30,0%,17.57
https://synergyspineandnerve.com/use-your-head-video/,0,29,0%,8.38
https://synergyspineandnerve.com/3-reasons-you-may-need-a-chiropractor-in-rio-rancho/,0,29,0%,45.03
https://synergyspineandnerve.com/chiropractic-santa-ana-pueblo-nm/,0,29,0%,70.24
https://synergyspineandnerve.com/chiropractic-jemez-pueblo-nm/,0,28,0%,9.68
https://synergyspineandnerve.com/common-conditions/,0,28,0%,10.54
https://synergyspineandnerve.com/doctored-movie-night/,0,27,0%,37.11
https://synergyspineandnerve.com/use-the-hra-to-change-your-life/,0,25,0%,7.28
https://synergyspineandnerve.com/2015/12/,0,24,0%,7.79
https://synergyspineandnerve.com/chiroopractors-and-injection-for-back-pain/,0,24,0%,25.08
https://synergyspineandnerve.com/chiropractic-tome-nm/,0,24,0%,30.38
https://synergyspineandnerve.com/drug-free-chiropractic-sb376/,0,22,0%,29.36
https://synergyspineandnerve.com/what-is-the-first-thing-that-comes-to-mind-when-you-think-of-liver/,0,20,0%,46.55
https://synergyspineandnerve.com/chiropractic-south-valley-nm/,0,19,0%,8.95
https://synergyspineandnerve.com/blog/?p=deciphering-the-connection-between-chiropractic-care-high-cholesterol,0,19,0%,10.26
https://synergyspineandnerve.com/health-tip-of-the-day-should-i-get-the-flu-shot/,0,19,0%,51.11
https://synergyspineandnerve.com/category/uncategorized/,0,18,0%,6.39
https://synergyspineandnerve.com/chiropractic-golden-nm/,0,18,0%,15.11
https://synergyspineandnerve.com/category/chiropractic-care/,0,18,0%,16.11
https://synergyspineandnerve.com/wp-content/uploads/2020/04/image004.png,0,18,0%,20.72
https://synergyspineandnerve.com/chiropractic-zia-pueblo-nm/,0,17,0%,10.24
https://synergyspineandnerve.com/thoracic-roller/,0,17,0%,22.65
https://synergyspineandnerve.com/try-eating-this-healthy-dessert-for-breakfast/,0,16,0%,14.44
https://synergyspineandnerve.com/blog/9/,0,15,0%,24
https://synergyspineandnerve.com/chiropractic-meadow-lake-nm/,0,14,0%,13.64
https://synergyspineandnerve.com/blog/10/?p=road-to-recovery-managing-auto-injuries-with-chiropractic-healthcare,0,14,0%,46.5
https://synergyspineandnerve.com/category/chiropractic-approach/,0,13,0%,7.08
https://synergyspineandnerve.com/blog/4/,0,13,0%,11.23
https://synergyspineandnerve.com/2015/10/29/,0,13,0%,15.85
https://synergyspineandnerve.com/about-us/meet-kathryn/,0,12,0%,7.92
https://synergyspineandnerve.com/resources/videos/workshop-videos-of-the-past/,0,12,0%,9.08
https://synergyspineandnerve.com/the-healthiest-chocolates-ever/,0,12,0%,17.25
https://synergyspineandnerve.com/chiropractic-cochiti-pueblo-nm/,0,12,0%,19.67
https://synergyspineandnerve.com/chiropractic-jarales-nm/,0,12,0%,26.92
https://synergyspineandnerve.com/blog/6/,0,12,0%,43.25
https://synergyspineandnerve.com/workshop-videos/,0,11,0%,3.64
https://synergyspineandnerve.com/resources/videos/workshop-videos/,0,11,0%,5.55
https://synergyspineandnerve.com/blog/7/,0,11,0%,43.45
https://synergyspineandnerve.com/how-chiropractic-care-benefits-the-entire-family/,0,11,0%,48.36
https://synergyspineandnerve.com/how-do-you-compare/,0,10,0%,6.4
https://synergyspineandnerve.com/chiropractic-peralta-nm/,0,10,0%,37.5
https://synergyspineandnerve.com/chiropractic-el-llanito-nm/,0,9,0%,7.78
https://synergyspineandnerve.com/blog/2/?p=deciphering-the-connection-between-chiropractic-care-high-cholesterol,0,9,0%,10.78
https://synergyspineandnerve.com/get-rid-of-your-pain-2/,0,9,0%,23.44
https://synergyspineandnerve.com/the-truth-about-neuropathy/,0,8,0%,4.25
https://synergyspineandnerve.com/chiropractor-chilili-nm/,0,8,0%,15.88
https://synergyspineandnerve.com/resources/adjusting-hours/,0,7,0%,7.29
https://synergyspineandnerve.com/too-much-texting-linked-to-health-risks/,0,7,0%,7.29
https://synergyspineandnerve.com/heres-to-a-great-2012/,0,7,0%,7.43
https://synergyspineandnerve.com/why-you-should-do-spinal-hygiene/,0,7,0%,10.14
https://synergyspineandnerve.com/wp-content/uploads/2020/03/20x30-spinal-nerve-chart.jpg,0,7,0%,22.29
https://synergyspineandnerve.com/five-reasons-to-quit-sugar-now-2/,0,7,0%,41.14
https://synergyspineandnerve.com/blog/11/?p=your-personal-injury-recovery-allies-synergy-spine-and-nerve-center,0,7,0%,52.71
https://synergyspineandnerve.com/take-my-headache-away/,0,6,0%,16.67
https://synergyspineandnerve.com/please-dont-make-this-same-mistake/,0,6,0%,43
https://synergyspineandnerve.com/blog/8/?p=deciphering-the-connection-between-chiropractic-care-high-cholesterol,0,6,0%,46.83
https://synergyspineandnerve.com/blog/7/?p=deciphering-the-connection-between-chiropractic-care-high-cholesterol,0,6,0%,54.67
https://synergyspineandnerve.com/why-we-take-better-care-of-you-than-your-insurance/,0,5,0%,3.4
https://synergyspineandnerve.com/do-you-have-movement-deficiency-syndrome/,0,5,0%,5.2
https://synergyspineandnerve.com/2012/,0,5,0%,6.4
https://synergyspineandnerve.com/blog/5/?p=deciphering-the-connection-between-chiropractic-care-high-cholesterol,0,5,0%,10
https://synergyspineandnerve.com/chiropractic-el-cerro-mission-nm/,0,5,0%,14.6
https://synergyspineandnerve.com/chiropractic-pena-blanca-nm/,0,5,0%,24.2
https://synergyspineandnerve.com/blog/8/?p=unveiling-the-unseen-aftermath-of-car-accidents-a-chiropractic-approach,0,5,0%,45
https://synergyspineandnerve.com/how-to-reduce-the-risk-of-cancer-and-heart-disease-but-not-stroke/,0,5,0%,53
https://synergyspineandnerve.com/blog/9/?p=deciphering-the-connection-between-chiropractic-care-high-cholesterol,0,5,0%,54.6
https://synergyspineandnerve.com/blog/9/?p=reclaiming-your-health-the-essential-guide-to-chiropractic-care-after-a-car-accident,0,5,0%,56.6
https://synergyspineandnerve.com/blog/8/?p=navigating-the-headache-highway-a-local-roadmap-for-health-with-synergy-spine-and-nerve-center,0,5,0%,58.6
https://synergyspineandnerve.com/2013/11/,0,4,0%,5
https://synergyspineandnerve.com/blog/11/?p=deciphering-the-connection-between-chiropractic-care-high-cholesterol,0,4,0%,8.75
https://synergyspineandnerve.com/chiropractic-san-ysidro-nm/,0,4,0%,10.75
https://synergyspineandnerve.com/new-year-new-you-challenge/,0,4,0%,12.5
https://synergyspineandnerve.com/chiropractic-cochiti-lake-nm/,0,4,0%,14
https://synergyspineandnerve.com/tips-on-backpack-safety-for-kids/,0,4,0%,15
https://synergyspineandnerve.com/will-calcium-cause-heart-problems/,0,4,0%,15
https://synergyspineandnerve.com/resources/order-supplements/,0,4,0%,23
https://synergyspineandnerve.com/chiropractic-san-felipe-pueblo-nm/,0,4,0%,23.5
https://synergyspineandnerve.com/why-would-you-want-to-take-fish-oil/,0,4,0%,48.25
https://synergyspineandnerve.com/blog/3/?p=deciphering-the-connection-between-chiropractic-care-high-cholesterol,0,4,0%,52.75
https://synergyspineandnerve.com/blog/4/?p=dynamics-of-chiropractic-care-easing-the-path-to-better-health-in-rio-rancho,0,4,0%,57.5
https://synergyspineandnerve.com/blog/11/?p=navigating-the-headache-highway-a-local-roadmap-for-health-with-synergy-spine-and-nerve-center,0,4,0%,59.5
https://synergyspineandnerve.com/2014/10/,0,3,0%,3
https://synergyspineandnerve.com/category/uncategorized/page/7/,0,3,0%,3.67
https://synergyspineandnerve.com/2018/11/,0,3,0%,4
https://synergyspineandnerve.com/necessity-of-chiropractic-care-after-a-car-accident/,0,3,0%,4
https://synergyspineandnerve.com/2015/10/,0,3,0%,4.67
https://synergyspineandnerve.com/three-keys-to-finding-a-chiropractor-in-rio-rancho/?utm_source=rss&utm_medium=rss&utm_campaign=three-keys-to-finding-a-chiropractor-in-rio-rancho,0,3,0%,4.67
https://synergyspineandnerve.com/2019/02/,0,3,0%,7.33
https://synergyspineandnerve.com/barack-obama-on-health-care-plan/,0,3,0%,9.33
https://synergyspineandnerve.com/blog/?p=your-personal-injury-recovery-allies-synergy-spine-and-nerve-center,0,3,0%,9.33
https://synergyspineandnerve.com/symptoms-or-cause/,0,3,0%,9.67
https://synergyspineandnerve.com/blog/8/?p=steering-clear-of-whiplash-how-chiropractic-care-can-aid-in-auto-accident-recovery,0,3,0%,10
https://synergyspineandnerve.com/2015/09/14/,0,3,0%,10.67
https://synergyspineandnerve.com/vaccines-are-they-safe-and-effective/,0,3,0%,12
https://synergyspineandnerve.com/blog/2/?p=your-personal-injury-recovery-allies-synergy-spine-and-nerve-center,0,3,0%,35.33
https://synergyspineandnerve.com/blog/4/?p=a-roadmap-to-recovery-how-chiropractic-care-assists-in-personal-injury-recovery-after-car-accidents,0,3,0%,41.33
https://synergyspineandnerve.com/blog/11/?p=resilience-and-recovery-managing-personal-injuries-through-chiropractic-care-in-rio-rancho,0,2,0%,2
https://synergyspineandnerve.com/blog/11/,0,2,0%,4.5
https://synergyspineandnerve.com/resources/videos/promo-videos/,0,2,0%,4.5
https://synergyspineandnerve.com/blog/2/,0,2,0%,5
https://synergyspineandnerve.com/2015/03/,0,2,0%,5.5
https://synergyspineandnerve.com/category/chiropractic-education/,0,2,0%,6
https://synergyspineandnerve.com/2016/03/,0,2,0%,7
https://synergyspineandnerve.com/blog/10/?p=hit-the-brakes-on-pain-maximizing-your-health-after-a-car-accident,0,2,0%,7
https://synergyspineandnerve.com/2013/08/28/,0,2,0%,8
https://synergyspineandnerve.com/blog/6/?p=resilience-and-recovery-managing-personal-injuries-through-chiropractic-care-in-rio-rancho,0,2,0%,8
https://synergyspineandnerve.com/resources/videos/humorous-promo-videos-of-the-past/,0,2,0%,8.5
https://synergyspineandnerve.com/blog/4/?p=whip-your-whiplash-the-chiropractic-do-it-yourself-guide,0,2,0%,9.5
https://synergyspineandnerve.com/blog/6/?p=unlocking-the-secret-to-managing-whiplash-synergy-spine-nerve-center,0,2,0%,9.5
https://synergyspineandnerve.com/should-you-take-cholesterol-lowering-drugs/,0,2,0%,9.5
https://synergyspineandnerve.com/why-do-you-take-that/,0,2,0%,9.5
https://synergyspineandnerve.com/blog/2/?p=unlocking-the-secret-to-managing-whiplash-synergy-spine-nerve-center,0,2,0%,12.5
https://synergyspineandnerve.com/how-to-make-your-core-strong/,0,2,0%,18.5
https://synergyspineandnerve.com/how-long-does-it-take-to-brush/?utm_source=rss&utm_medium=rss&utm_campaign=how-long-does-it-take-to-brush,0,2,0%,24
https://synergyspineandnerve.com/the-number-one-reason-to-see-a-chiropractor/?utm_source=rss&utm_medium=rss&utm_campaign=the-number-one-reason-to-see-a-chiropractor,0,2,0%,24
https://synergyspineandnerve.com/30-second-spinal-hygiene-report-card/,0,2,0%,25.5
https://synergyspineandnerve.com/blog/?p=resilience-and-recovery-managing-personal-injuries-through-chiropractic-care-in-rio-rancho,0,2,0%,26.5
https://synergyspineandnerve.com/category/uncategorized/page/2/,0,2,0%,27
https://synergyspineandnerve.com/blog/5/?p=your-personal-injury-recovery-allies-synergy-spine-and-nerve-center,0,2,0%,55.5
https://synergyspineandnerve.com/truth-about-gluten-free-foods-and-type-1-diabetes/,0,2,0%,78.5
https://synergyspineandnerve.com/blog/5/,0,1,0%,1
https://synergyspineandnerve.com/get-rid-of-your-pain-2/?utm_source=rss&utm_medium=rss&utm_campaign=get-rid-of-your-pain-2,0,1,0%,1
https://synergyspineandnerve.com/np-thank-you/,0,1,0%,2
https://synergyspineandnerve.com/2012/06/,0,1,0%,3
https://synergyspineandnerve.com/blog/9/?p=unlock-your-bodys-potential-personal-injuries-and-chiropractic-care,0,1,0%,3
https://synergyspineandnerve.com/2013/03/,0,1,0%,4
https://synergyspineandnerve.com/2014/07/09/,0,1,0%,4
https://synergyspineandnerve.com/2020/04/,0,1,0%,4
https://synergyspineandnerve.com/blog/?p=navigating-the-headache-highway-a-local-roadmap-for-health-with-synergy-spine-and-nerve-center,0,1,0%,4
https://synergyspineandnerve.com/blog/?p=taming-your-high-blood-pressure-with-chiropractic-care,0,1,0%,4
https://synergyspineandnerve.com/3-annoying-workplace-habits-to-kick/,0,1,0%,5
https://synergyspineandnerve.com/blog/10/?p=bouncing-back-from-whiplash-your-guide-to-recovery,0,1,0%,5
https://synergyspineandnerve.com/blog/6/?p=deciphering-the-connection-between-chiropractic-care-high-cholesterol,0,1,0%,5
https://synergyspineandnerve.com/blog/6/?p=dynamics-of-chiropractic-care-easing-the-path-to-better-health-in-rio-rancho,0,1,0%,5
https://synergyspineandnerve.com/resources/get-notified/,0,1,0%,5
https://synergyspineandnerve.com/2016/11/18/,0,1,0%,6
https://synergyspineandnerve.com/2022/10/,0,1,0%,6
https://synergyspineandnerve.com/blog/7/?p=steering-clear-of-whiplash-how-chiropractic-care-can-aid-in-auto-accident-recovery,0,1,0%,6
https://synergyspineandnerve.com/2015/,0,1,0%,7
https://synergyspineandnerve.com/blog/3/,0,1,0%,7
https://synergyspineandnerve.com/blog/8/,0,1,0%,7
https://synergyspineandnerve.com/blog/8/?p=beating-whiplashs-lash-guide-to-spinal-health-with-synergy-spine-and-nerve-center,0,1,0%,7
https://synergyspineandnerve.com/chiropractor-casa-colorada-nm/,0,1,0%,7
https://synergyspineandnerve.com/2016/10/11/,0,1,0%,8
https://synergyspineandnerve.com/2020/04/13/,0,1,0%,8
https://synergyspineandnerve.com/are-you-fit-enough-to-be-president/,0,1,0%,8
https://synergyspineandnerve.com/blog/2/?p=whiplash-woes-how-chiropractic-care-can-help,0,1,0%,8
https://synergyspineandnerve.com/blog/4/?p=bouncing-back-from-whiplash-your-guide-to-recovery,0,1,0%,8
https://synergyspineandnerve.com/blog/10/?p=whiplash-and-beyond-your-chiropractic-route-to-recovery-after-a-car-accident,0,1,0%,9
https://synergyspineandnerve.com/2016/01/,0,1,0%,10
https://synergyspineandnerve.com/are-vaccinations-safe/,0,1,0%,10
https://synergyspineandnerve.com/blog/11/?p=unveiling-the-unseen-aftermath-of-car-accidents-a-chiropractic-approach,0,1,0%,10
https://synergyspineandnerve.com/blog/4/?p=unlock-your-bodys-potential-personal-injuries-and-chiropractic-care,0,1,0%,10
https://synergyspineandnerve.com/blog/6/?p=carving-your-path-to-wellness-personal-injury-solutions-at-synergy-spine-and-nerve-center,0,1,0%,10
https://synergyspineandnerve.com/blog/8/?p=whiplash-woes-how-chiropractic-care-can-help,0,1,0%,10
https://synergyspineandnerve.com/blog/?p=whiplash-woes-how-chiropractic-care-can-help,0,1,0%,11
https://synergyspineandnerve.com/chiropractic-canoncito-nm/,0,1,0%,11
https://synergyspineandnerve.com/should-a-chiropractic-adjustment-hurt/,0,1,0%,11
https://synergyspineandnerve.com/2012/09/29/,0,1,0%,12
https://synergyspineandnerve.com/blog/?p=road-to-recovery-managing-auto-injuries-with-chiropractic-healthcare,0,1,0%,17
https://synergyspineandnerve.com/covid-and-flu-prevention-that-you-need-to-know/,0,1,0%,19
https://synergyspineandnerve.com/blog/10/?p=your-personal-injury-recovery-allies-synergy-spine-and-nerve-center,0,1,0%,32
https://synergyspineandnerve.com/mobility-disk-for-lower-back/,0,1,0%,35
https://synergyspineandnerve.com/blog/3/?p=reclaiming-your-health-the-essential-guide-to-chiropractic-care-after-a-car-accident,0,1,0%,46
https://synergyspineandnerve.com/blog/3/?p=whiplash-and-beyond-your-chiropractic-route-to-recovery-after-a-car-accident,0,1,0%,49
https://synergyspineandnerve.com/blog/7/?p=whiplash-and-beyond-your-chiropractic-route-to-recovery-after-a-car-accident,0,1,0%,57
https://synergyspineandnerve.com/blog/7/?p=navigating-the-headache-highway-a-local-roadmap-for-health-with-synergy-spine-and-nerve-center,0,1,0%,58
https://synergyspineandnerve.com/blog/8/?p=unlocking-the-secret-to-managing-whiplash-synergy-spine-nerve-center,0,1,0%,62
https://synergyspineandnerve.com/blog/9/?p=have-you-had-an-injury-in-rio-rancho-harness-the-power-of-chiropractic-care,0,1,0%,99