Top queries,Clicks,Impressions,CTR,Position
synergy spine and nerve center,390,774,50.39%,1.17
chiropractor rio rancho,133,4733,2.81%,9.42
spine nerve chart symptoms,88,3331,2.64%,1.2
synergy spine,52,519,10.02%,8.62
synergy chiropractic,50,723,6.92%,33.14
chiropractor near me,22,1540,1.43%,10
synergy,16,37643,0.04%,5.18
dr brad chiropractor,14,124,11.29%,18.88
straight chiropractic,13,71,18.31%,22.73
dr brad,10,25,40%,5.48
chiropractor rio rancho nm,6,579,1.04%,10.86
best chiropractor rio rancho,6,205,2.93%,8.33
rio rancho chiropractor,5,745,0.67%,9.96
acupuncture rio rancho,5,75,6.67%,16.91
spinal decompression,4,171,2.34%,2.94
fish oil liquid vs capsules,3,672,0.45%,11.96
chiropractor,3,332,0.9%,16.84
chiropractor in rio rancho,3,325,0.92%,8.97
austin huber,3,212,1.42%,7.21
fish oil liquid or capsules,3,65,4.62%,14.98
back specialist near me,3,39,7.69%,6.69
spinal decompression therapy,3,36,8.33%,4.11
synergy pain and spine,3,29,10.34%,15.48
back doctor near me,3,20,15%,4.9
sciatica specialist near me,3,6,50%,1
pain clinic rio rancho,2,660,0.3%,32.6
fish oil capsules vs liquid,2,412,0.49%,10.84
synergy albuquerque,2,307,0.65%,3.54
chiropractors rio rancho,2,240,0.83%,9.42
fish oil pills vs liquid,2,157,1.27%,8.78
pain and spine,2,108,1.85%,13.81
spinal decompression albuquerque,2,80,2.5%,30.29
softwave therapy near me,2,18,11.11%,3.61
cod liver oil vs capsules,2,11,18.18%,19.18
synergy physical therapy,2,10,20%,4.9
рыбий жир жидкий отзывы,2,9,22.22%,2.33
chiropractic neurologist,2,7,28.57%,2.29
minyak ikan cair,2,4,50%,2
synergy chiropractic and physical therapy,2,4,50%,18
chiropractors in new mexico,2,4,50%,56.25
softwave near me,2,2,100%,2
pain and spine clinic,1,854,0.12%,16.19
pain management rio rancho,1,807,0.12%,32.79
spine and nerve chart,1,436,0.23%,42.73
posture exercises for kids,1,392,0.26%,32.88
pain specialist rio rancho,1,360,0.28%,31.05
liquid fish oil vs capsules,1,350,0.29%,12.77
chiropractors near me,1,336,0.3%,11.52
spinal decompression near me,1,270,0.37%,9.26
synergy chiropractic center,1,239,0.42%,34.24
chiropractor albuquerque,1,209,0.48%,38.59
score sha,1,202,0.5%,7.38
is liquid fish oil better than pills,1,193,0.52%,6.35
chiropractic nerve chart,1,176,0.57%,54.1
fish oil capsule vs liquid,1,167,0.6%,10.66
is fish oil liquid better than capsules,1,134,0.75%,8.13
synergy spine center,1,133,0.75%,12.07
spine and nerve center,1,111,0.9%,27.09
liquid fish oil,1,104,0.96%,3.62
fish oil in liquid form,1,84,1.19%,19.95
physical therapy rio rancho,1,67,1.49%,75.18
chiropractic near me,1,66,1.52%,8.97
how to take liquid fish oil,1,58,1.72%,47.86
fish oil liquid,1,57,1.75%,2.19
chiropractors in albuquerque,1,54,1.85%,38.33
sciatica treatment near me,1,53,1.89%,2.38
рыбий жир жидкий,1,52,1.92%,3.08
albuquerque chiropractor,1,48,2.08%,37.12
synergy chiropractor,1,41,2.44%,40.76
spine and nerve,1,38,2.63%,32.26
best fish oil supplement,1,28,3.57%,3.04
synergy spine therapy,1,28,3.57%,31.61
как принимать рыбий жир жидкий,1,27,3.7%,2.56
pros and cons of high fructose corn syrup,1,26,3.85%,37.58
chiropractic chart of spine and nerves,1,25,4%,26.2
spine specialist near me,1,24,4.17%,4.25
liquid omega 3 fish oil,1,20,5%,2.3
best chiropractor near me,1,18,5.56%,10.33
back decompression,1,14,7.14%,3.14
acupuncture near me,1,14,7.14%,18.5
fish oil liquid chemist warehouse,1,12,8.33%,2
spinal energetics near me,1,12,8.33%,11.58
omega 3 supplements liquid,1,11,9.09%,2
high fructose corn syrup pros and cons,1,11,9.09%,15.18
omega-3 liquid for adults,1,10,10%,2
spine doctor near me,1,10,10%,2.8
physical therapy near me,1,10,10%,63.3
neck and spine specialist near me,1,9,11.11%,2.89
back pain doctor near me,1,9,11.11%,4.22
neuro chiropractor,1,8,12.5%,1.75
stem wave therapy near me,1,8,12.5%,4.88
spine doctors near me,1,8,12.5%,6.5
spine doctor albuquerque,1,8,12.5%,20.62
sports chiropractor near me,1,8,12.5%,22
neck and spine doctor near me,1,7,14.29%,1.86
mls laser therapy near me,1,7,14.29%,2.14
neurological chiropractor,1,7,14.29%,3.57
back pain specialist near me,1,7,14.29%,5
synergy wellness center,1,6,16.67%,1.5
neurological chiropractor near me,1,6,16.67%,1.67
best omega 3 liquid,1,6,16.67%,2
cod liver oil benefits for female,1,6,16.67%,4.67
chiropractors in albuquerque new mexico,1,6,16.67%,79.33
spine decompression therapy,1,5,20%,1
neuropathy treatment near me,1,5,20%,1.4
neuropathy clinic near me,1,5,20%,1.8
decompression therapy,1,5,20%,2
cod liver oil or capsules which is better,1,5,20%,2.6
omega 3 liquid uk,1,5,20%,3
network chiropractic near me,1,5,20%,4.6
prolotherapy near me,1,5,20%,5
upper cervical chiropractic near me,1,5,20%,6
neck and spine specialist,1,5,20%,6.8
best upper cervical chiropractor near me,1,5,20%,9.8
acupuncture albuquerque,1,5,20%,52.6
endoscopic foraminotomy near me,1,4,25%,1
synergy phone number,1,4,25%,1
ring dinger near me,1,4,25%,1.75
spine care near me,1,4,25%,1.75
chiropractic neurology,1,4,25%,2.5
back clinic near me,1,4,25%,5.75
tmj chiropractor near me,1,4,25%,6.25
trigger point injections near me,1,4,25%,6.75
bertolotti syndrome specialist near me,1,4,25%,10.25
neuropathy doctor near me,1,3,33.33%,1
omega 3 visolie vloeibaar,1,3,33.33%,2
omega 3 w płynie,1,3,33.33%,2
spine surgery,1,3,33.33%,7.67
chiropractor neurologist near me,1,2,50%,1
cold laser therapy near me,1,2,50%,1
orthopedic doctor for lower back pain,1,2,50%,1
pain medicine near me,1,2,50%,1
scoliosis treatment near me,1,2,50%,1
spinal flow technique practitioners near me,1,2,50%,1
synergy doctor,1,2,50%,1
network spinal care near me,1,2,50%,1.5
sciatica pain clinic near me,1,2,50%,2
как правильно принимать рыбий жир жидкий,1,2,50%,2.5
best spine and neck doctor near me,1,2,50%,3
scrambler therapy near me,1,2,50%,3
physical therapy near me within 1 mi,1,2,50%,4
купить рыбий жир жидкий в алматы,1,2,50%,4
cervicogenic headache treatment near me,1,2,50%,4.5
nervous system chiropractor near me,1,2,50%,4.5
vagus nerve chiropractor near me,1,2,50%,4.5
soft tissue and spine near me,1,2,50%,5
soft wave treatment near me,1,2,50%,5
chiropractor cranial facial release,1,2,50%,7
pros of high fructose corn syrup,1,2,50%,10
deep tissue massage rio rancho,1,2,50%,30.5
axon therapy for neuropathy near me,1,1,100%,1
back pain specialist,1,1,100%,1
caremore chiropractic,1,1,100%,1
chiripracter,1,1,100%,1
chiropractic neurologists near me,1,1,100%,1
lumbar traction near me,1,1,100%,1
medical massage rio rancho,1,1,100%,1
nerve test near me,1,1,100%,1
neuropathy treatment for feet near me,1,1,100%,1
pemf therapy near me,1,1,100%,1
sciatica pain doctors near me,1,1,100%,1
sciatica treatments near me,1,1,100%,1
spinal chiropractor near me,1,1,100%,1
vestibular migraine treatment near me,1,1,100%,1
via disc procedure near me,1,1,100%,1
gibt es omega 3 flüssig,1,1,100%,2
omega 3 fettsäuren hund,1,1,100%,2
spinal decompression treatment,1,1,100%,2
synergy massage therapy,1,1,100%,2
vagus nerve near me,1,1,100%,2
what cod liver oil is best,1,1,100%,2
spin health,1,1,100%,3
как пить рыбий жир,1,1,100%,3
মাছের তেল কোথায় পাব,1,1,100%,3
best neck specialist near me,1,1,100%,4
nerve chiropractor,1,1,100%,4
best physical therapy for spine near me,1,1,100%,6
chiropractor near me that accepts aetna,1,1,100%,6
epley maneuver chiropractor near me,1,1,100%,6
nucca chiropractor,1,1,100%,6
chiropractors near me that take insurance,1,1,100%,8
chiropractors that take medicaid near me,1,1,100%,12
female chiropractors in my area,1,1,100%,13
nm spine,1,1,100%,14
pain centers,1,1,100%,26
sports massage,1,1,100%,55
peripheral neuropathy symptoms,0,6465,0%,10.69
neuropathy symptoms,0,5217,0%,10.67
pain and spine rio rancho,0,1049,0%,16.93
spine and pain clinic,0,884,0%,15.46
symptoms of neuropathy,0,778,0%,21.91
pain and spin,0,656,0%,17.59
top neurosurgeons in rio rancho,0,630,0%,9.49
is liquid fish oil better than capsules,0,591,0%,9.56
spinal neuropathy symptoms,0,551,0%,11.75
neurosurgeon rio rancho,0,497,0%,44.78
spinal nerve chart,0,455,0%,40.84
neck and back pain center,0,346,0%,14.62
chiropractic spine chart,0,324,0%,63.87
new mexico spine,0,315,0%,83.59
syngery,0,314,0%,5.1
liquid vs capsule fish oil,0,295,0%,10.76
neuropathy twitching,0,288,0%,6.42
spinal hygiene,0,272,0%,18.23
chiropractic symptoms chart,0,266,0%,1
symptoms of peripheral neuropathy,0,262,0%,22.55
rio rancho chiropractors,0,247,0%,10.97
death from chiropractic per year,0,216,0%,74.81
stemwave therapy rio rancho,0,214,0%,8.18
sleep like a chicken meaning,0,214,0%,8.94
synergy chiropractic austin,0,212,0%,28.15
spine,0,199,0%,6.8
chiropractic subluxation chart,0,196,0%,51.78
peripheral neuropathy,0,191,0%,5.49
spine hygiene,0,185,0%,16.85
backbone chart,0,173,0%,54.81
chiropractic spinal nerve chart,0,172,0%,67.04
low back pain near me,0,164,0%,5.18
neck pain near me,0,162,0%,5.36
"""synergy spine and nerve center"" ""synergyspineandnerve.com""",0,156,0%,20.94
how many pushups can you do,0,149,0%,44.36
cod liver oil capsules vs liquid,0,145,0%,45.83
is liquid omega 3 better than capsules,0,140,0%,9.41
rio rancho spinal decompression,0,137,0%,8.23
omega 3 liquid vs capsule,0,136,0%,17.78
katie may death,0,135,0%,19.8
synegy,0,132,0%,4.8
rio rancho low back pain,0,131,0%,7.31
synery,0,129,0%,5.04
headache treatment near me,0,127,0%,2.04
"""synergy spine and nerve center"" ""87124""",0,127,0%,22.01
how to take fish oil liquid,0,127,0%,45.46
spine nerve chart,0,126,0%,33.42
spinal decompression rio rancho,0,125,0%,6.31
rio rancho neck pain,0,124,0%,7.73
fish oil capsules or liquid,0,116,0%,12.07
dr fackrell,0,113,0%,28.94
chiropractic,0,113,0%,29.27
cod liver oil liquid vs capsules,0,111,0%,44.16
liquid capsules vs softgels,0,110,0%,88.12
chiropractors,0,109,0%,13.7
nerve chart,0,109,0%,47.69
synnergy,0,106,0%,5.18
rio rancho headache treatment,0,106,0%,5.66
nutritionist rio rancho nm,0,103,0%,91.98
sha,0,102,0%,74.27
low back pain rio rancho,0,101,0%,8.86
pain and spine clinic rio rancho,0,100,0%,11.42
neck pain rio rancho,0,98,0%,4.98
nm synergy,0,96,0%,5.65
neuropathy cold hands,0,96,0%,15.61
is liquid omega 3 better,0,93,0%,11.55
family chiropractic care plantation fl,0,92,0%,26.98
neuropathic pain,0,90,0%,1.33
synergey,0,88,0%,3.78
chiropractic vertebrae chart,0,88,0%,70.45
omega 3 capsules vs liquid,0,87,0%,18.99
liquid omega 3 vs capsules,0,86,0%,15.27
snergy,0,85,0%,4.87
synergy chiro,0,85,0%,45.84
retainer placitas nm,0,84,0%,17.89
why does rice have arsenic,0,84,0%,82.02
is sea moss gel or capsules better,0,84,0%,82.08
deep tissue massage rio rancho nm,0,83,0%,58.59
polyneuropathy symptoms,0,83,0%,59.02
griego family,0,82,0%,20.37
does fish oil come in liquid form,0,82,0%,34.34
athletic massage rio rancho nm,0,82,0%,57.61
spine chart with numbers,0,81,0%,12.11
foot neuropathy symptoms,0,80,0%,4.76
best chiropractor albuquerque,0,80,0%,32.44
how many pushups can you do all of them,0,80,0%,62.16
syngergy,0,79,0%,5.46
liquid gels vs capsules,0,73,0%,80.73
neuritis symptoms,0,72,0%,2.68
nerves in spine chart,0,71,0%,62.68
spinal hygiene movement,0,70,0%,11.23
syergy,0,68,0%,5.01
spinal hygiene exercises,0,68,0%,16.79
headache treatment rio rancho,0,67,0%,7.36
dietitian rio rancho nm,0,65,0%,91.55
cod liver oil capsules or liquid,0,64,0%,54.81
bradley chiropractic,0,63,0%,40.9
fish oil gel caps,0,62,0%,29.74
nerve centre chiropractic,0,62,0%,67.15
cod liver oil,0,61,0%,2.39
nerve center meaning,0,61,0%,11.7
liquid cod liver oil vs capsules,0,61,0%,45.15
what are the symptoms of neuropathy,0,60,0%,5.6
nerve chart spine,0,59,0%,43.76
neurologists in rio rancho,0,59,0%,64.02
synergy spine and nerve center reviews,0,58,0%,3.59
back nerve chart,0,58,0%,42.21
fischöl flüssig,0,57,0%,1.6
sciatica treatment,0,57,0%,5.11
does a chiropractic adjustment hurt,0,57,0%,80.18
is high fructose corn syrup bad for you,0,57,0%,84.98
omega 3 liquid,0,56,0%,2.21
syenrgy,0,56,0%,4.7
bradley chiropractor,0,55,0%,50.33
spinal nerves chart,0,55,0%,78.22
spinal nerve function chart,0,54,0%,23.78
new mexico pain and spine,0,54,0%,73.37
synergry,0,53,0%,4.85
katie may chiropractor,0,53,0%,28.92
chiropractic death,0,53,0%,50.77
body care spine & nerve center,0,52,0%,25.31
physical medicine near me,0,52,0%,27.12
austin huber latest,0,51,0%,14.49
nerve.com,0,51,0%,35.82
sports massage rio rancho nm,0,51,0%,55.55
you can't shoot a cannon from a canoe,0,50,0%,6.9
best liquid fish oil,0,49,0%,6.22
chiropractor bernalillo,0,48,0%,8.35
synergy spine and health,0,47,0%,24.66
synergy spine and pain center,0,47,0%,26.57
how many inclined push ups a day,0,47,0%,91.3
chiropractor in albuquerque,0,46,0%,31
can a chiropractor prescribe drugs,0,46,0%,75.48
headache treatment,0,45,0%,3.93
synergy!,0,45,0%,4.64
can a chiropractor prescribe muscle relaxers,0,45,0%,36.29
chiropractic spinal chart,0,45,0%,65.22
katie may breaking news,0,44,0%,10.93
can chiropractors prescribe muscle relaxers,0,44,0%,35.48
subluxation symptoms chart,0,44,0%,57.84
spine chart,0,44,0%,63.82
do chiropractors prescribe medications,0,44,0%,81.52
nutrition synergy,0,43,0%,41.72
synergy center,0,43,0%,64.02
synergy.,0,42,0%,4.12
neck pain,0,42,0%,6.14
"""synergy spine and nerve center"" ""rio rancho""",0,42,0%,10.36
subluxation chart,0,42,0%,11.62
katie may died,0,42,0%,42.88
cod liver oil tablets vs liquid,0,42,0%,44.67
the synergy center,0,42,0%,55.26
flavored liquid omega-3 brands,0,41,0%,4.56
spinal subluxation chart,0,41,0%,24.1
chiropractic adjustment albuquerque,0,41,0%,38.07
chart of the spine,0,41,0%,46.15
bj palmer,0,41,0%,59.29
spinal cord injury rehabilitation centers near me,0,41,0%,76
best fish oil liquid,0,40,0%,2.02
neuropathy,0,40,0%,5.95
new mexico pain center rio rancho,0,39,0%,42.85
cod liver oil liquid or capsules,0,38,0%,42.29
how long does it take to brush your teeth,0,38,0%,72.61
symptoms of toxic neuropathy,0,37,0%,1.51
herniated disc treatment,0,37,0%,4.62
albuquerque chiropractors,0,37,0%,38.57
brad chiropractor,0,37,0%,40.51
do chiropractors prescribe medication,0,37,0%,75.19
acute and chronic pain and spine center,0,37,0%,78.43
chiropractor prescribe medication,0,37,0%,81.59
synergu,0,36,0%,4.5
chiropractor albuquerque nm,0,36,0%,48.08
cod liver capsules vs liquid,0,36,0%,54.25
new mexico chiropractor email list,0,36,0%,68.39
chiropractor prescribe drugs,0,36,0%,70.33
synegry,0,35,0%,6.23
synergy spine care,0,35,0%,17.46
site:http://synergyspineandnerve.com,0,35,0%,31.14
chart of spine,0,35,0%,55.29
spinal nerves function chart,0,35,0%,79.09
hand neuropathy symptoms,0,34,0%,1.79
liquid omega 3,0,34,0%,2.09
spine specialist albuquerque,0,34,0%,18.53
synergy nutrition,0,34,0%,35.35
fish gel capsules,0,34,0%,71.32
high fructose corn syrup bad,0,34,0%,76.15
cod liver oil benefits,0,33,0%,2.85
rio rancho dry needling,0,33,0%,6.79
synergery,0,33,0%,6.88
symptoms neuropathy,0,33,0%,13.39
katie's cause of death,0,33,0%,45.03
fish oil gel,0,33,0%,56.33
katie may snapchat,0,33,0%,61.64
chiropractic chart of symptoms,0,32,0%,3.41
is omega 3 better in liquid or capsules,0,32,0%,5.94
katie cause of death,0,32,0%,41.22
essential nutrients supplements,0,32,0%,73.72
energetic spine,0,32,0%,84.56
liquid fish oil supplement,0,31,0%,2.26
fish oil,0,31,0%,2.39
fish oil liquid form,0,31,0%,7.77
dry needling near me,0,31,0%,15.84
liquid omega 3 supplement,0,30,0%,2.03
physical medicine rio rancho,0,30,0%,5.2
albuquerque spinal decompression,0,30,0%,8.97
nerve function chart,0,30,0%,25.83
spine chart chiropractic,0,30,0%,71.07
chiropractic chart of spine,0,30,0%,74.73
physical therapy in rio rancho,0,30,0%,79.87
spinal chart,0,30,0%,84.47
chiropractors prescribe drugs,0,30,0%,88.5
signs of neuropathy,0,29,0%,5.24
which of the following describes the motion of subluxation,0,29,0%,15.48
omega 3 liquid or capsules,0,29,0%,28.93
nerve spine chart,0,29,0%,48.86
does exercise make you smarter,0,29,0%,55.24
chiropractic chart of the spine,0,29,0%,73.83
synerfy,0,28,0%,5.71
synergyu,0,28,0%,6.32
peripheral neuropathy twitching,0,28,0%,6.79
neck pain relief,0,28,0%,12.04
are liquid gels better than tablets,0,28,0%,67.96
symptoms of polyneuropathy,0,28,0%,70.32
do chiropractic adjustments hurt,0,28,0%,72.07
do chiropractors prescribe pain meds,0,28,0%,90.71
best liquid fish oil australia,0,27,0%,1.48
sciatic leg pain relief,0,27,0%,2.48
synergy',0,27,0%,5.26
sleep like a chicken,0,27,0%,9.93
synergy pain management,0,27,0%,31.22
chiropractic albuquerque,0,27,0%,46.63
bad corn syrup,0,27,0%,80.56
dr bradley chiropractor,0,27,0%,81.78
are sea moss capsules as good as gel,0,27,0%,93.56
herniated disc treatment near me,0,26,0%,1
fiskolja flytande,0,26,0%,2.12
sciatica treatment albuquerque,0,26,0%,5.62
leg neuropathy symptoms,0,26,0%,9.92
how to get rid of neck pain,0,26,0%,11.77
chiropractor prescribe,0,26,0%,69.19
can chiropractor prescribe medications,0,26,0%,73.69
westmont chiropractic traction,0,26,0%,89.62
chiropractors prescribe medicine,0,26,0%,92.08
best liquid fish oil uk,0,25,0%,2.12
what are symptoms of neuropathy,0,25,0%,6.36
chiropractors in rio rancho,0,25,0%,17.16
pain relief rio rancho nm,0,25,0%,32.8
presbyterian pain and spine rio rancho,0,25,0%,37.08
evidence-based spinal remodeling,0,25,0%,72.08
low back pain,0,24,0%,1
dry needling rio rancho,0,24,0%,3.71
joint near me,0,24,0%,28.71
triune wellness center,0,24,0%,32.42
nerves spine chart,0,24,0%,45.04
does all rice have arsenic,0,24,0%,77.62
жидкий рыбий жир,0,23,0%,2.43
cod liver oil pills vs liquid,0,23,0%,40.7
rio rancho neurology,0,23,0%,60.52
does chiropractic adjustment hurt,0,23,0%,77.22
high fructose corn syrup bad for you,0,23,0%,89.78
omega 3 liquid supplements,0,22,0%,1.91
synergy health,0,22,0%,3.5
neuropathy treatment,0,22,0%,8.18
relief from sciatic pain in leg,0,22,0%,8.73
physical medicine,0,22,0%,9.18
sandia chiropractic care,0,22,0%,41.41
back pain relief rancho palos verdes,0,22,0%,67.41
what is arsenic in rice,0,22,0%,73
chiropractor in rio rancho new mexico,0,22,0%,78.77
can chiropractors prescribe medication,0,22,0%,86.73
how does arsenic get in rice,0,22,0%,86.73
omega 3 fish oil liquid,0,21,0%,2.48
как принимать рыбий жир жидкий взрослым,0,21,0%,2.57
herniated disc treatment albuquerque,0,21,0%,3.86
fish oil benefits,0,21,0%,3.9
stnergy,0,21,0%,4.81
synergy],0,21,0%,6
subluxation of spine symptoms,0,21,0%,11.19
kinesiology doctors near me,0,21,0%,14.33
spine subluxation chart,0,21,0%,39.67
neurosurgery rio rancho,0,21,0%,45.71
how bad is high fructose corn syrup,0,21,0%,77.57
synergt,0,20,0%,5
spine graph,0,20,0%,28.8
vertebrae nerve chart,0,20,0%,29.35
nerve and spine center,0,20,0%,33.25
neurologist rio rancho,0,20,0%,45.75
dr bj palmer,0,20,0%,60.4
back hygiene,0,20,0%,61.55
can chiropractors prescribe drugs,0,20,0%,79.45
how to improve your child's posture,0,20,0%,79.45
sports chiropractor albuquerque,0,20,0%,89.85
do chiropractors prescribe pain medication,0,20,0%,92.55
pettibon exercises,0,20,0%,96.5
flytande omega 3,0,19,0%,1.89
neuropathy signs,0,19,0%,4.42
syneregy,0,19,0%,4.84
synerygy,0,19,0%,4.89
shascore,0,19,0%,6.11
syneergy,0,19,0%,6.74
chiropractic care in edgewood,0,19,0%,9.74
chronic pain relief rancho palos verdes,0,19,0%,60.21
best cod liver oil,0,18,0%,1.94
fish oil liquid supplement,0,18,0%,2.44
sybergy,0,18,0%,5.39
sciatica pain relief,0,18,0%,11.83
pain management near me,0,18,0%,15.06
bernalillo chiropractor,0,18,0%,34.89
knee pain treatment,0,18,0%,39
synergy spinecare and rehabilitation medicine pc,0,18,0%,50.28
why is hfcs bad,0,18,0%,70.67
chiropractic traction hanover park,0,18,0%,86.33
regenerative medicine rio rancho,0,17,0%,1
best liquid omega 3 fish oil,0,17,0%,1.53
best liquid omega 3 supplement,0,17,0%,2.06
fish oil liquid uk,0,17,0%,3.53
syneryg,0,17,0%,6.71
quiropráctico cerca de mi,0,17,0%,10.35
sha meaning in medical,0,17,0%,10.88
joint injections,0,17,0%,11.88
how to heal neck pain,0,17,0%,16.88
neurological doctors,0,17,0%,21.65
chiropractic synergy,0,17,0%,51.12
fish oil liquid for adults,0,17,0%,55.18
taylor ranch family chiropractic,0,17,0%,58.71
spine chart with nerves,0,17,0%,70.06
massage rio rancho,0,17,0%,70.65
does chiropractic hurt,0,17,0%,73.88
how bad is high fructose corn syrup for you,0,17,0%,75.59
neuropathies symptoms,0,16,0%,1
fiskolja flytande bäst i test,0,16,0%,1.69
suynergy,0,16,0%,6.56
symergy,0,16,0%,8.06
foot pain rio rancho,0,16,0%,11.38
katie may cause of death,0,16,0%,15.88
cynergy chiropractic,0,16,0%,32.94
knee pain treatment near me,0,16,0%,38.5
cons of high fructose corn syrup,0,16,0%,47.75
chiropractors albuquerque,0,16,0%,52.81
physical therapy rio rancho nm,0,16,0%,59.06
why is arsenic in rice,0,16,0%,79.75
nerves chart,0,16,0%,82.75
spinal vertebrae chart,0,16,0%,92.56
neurology spinal nerve chart,0,15,0%,2.33
snyergy,0,15,0%,5.67
synerrgy,0,15,0%,6
spinal decompression therapy near me,0,15,0%,6.33
synergy sports,0,15,0%,6.53
sysnergy,0,15,0%,6.8
jess biggs,0,15,0%,8.2
bernalillo chiropractic,0,15,0%,9.93
pain clinic near me,0,15,0%,12.13
is cod liver oil better in capsules or liquid,0,15,0%,19.13
peripheral neuropathy cold hands,0,15,0%,28.6
chiropractor bernalillo nm,0,15,0%,31.33
synergy chart,0,15,0%,35.53
gonstead rio rancho,0,15,0%,42.07
consecutive push ups,0,15,0%,56.87
cod liver oil pills or liquid,0,15,0%,58.4
synaptic chiropractic,0,15,0%,59.67
orthodontist placitas nm,0,15,0%,60.73
how to make gel caps,0,15,0%,68.13
spinal chart chiropractic,0,15,0%,74.53
how long should you brush your teeth with an electric toothbrush,0,15,0%,87.2
can chiropractor prescribe medication,0,15,0%,90.87
braces placitas nm,0,15,0%,91.4
regenerative medicine near me,0,14,0%,1
healthline best liquid fish oil carlson,0,14,0%,2
nordic naturals omega 3 liquid product info and reviews,0,14,0%,2.14
spinal,0,14,0%,8.21
"what are the benefits of taking omega-3 supplements in liquid form compared 
to softgels",0,14,0%,8.21
synergy new mexico,0,14,0%,8.5
chiropractor edgewood nm,0,14,0%,10.43
"""synergy spine and nerve center"" ""(505) 891-2280""",0,14,0%,19.79
liquid fish oil supplements,0,14,0%,25.14
bradley maestas chiropractic,0,14,0%,32.14
the joint rio rancho,0,14,0%,45.21
pain clinic,0,14,0%,49.21
cod liver oil liquid versus capsules,0,14,0%,54.36
how many incline push ups should i do,0,14,0%,62.43
calcium to prevent osteoporosis,0,14,0%,73.79
calcium osteoporosis,0,14,0%,75.93
is high fructose corn syrup bad,0,14,0%,82.79
pain and spine institute,0,14,0%,87.86
do chiropractors write prescriptions,0,14,0%,93.79
does the chiropractor hurt,0,14,0%,94.86
vloeibare omega 3,0,13,0%,2.08
peripheral neuropathy signs,0,13,0%,4.85
spine and pain,0,13,0%,10
feeling healthy,0,13,0%,44.69
new mexico family chiropractic,0,13,0%,45.38
spinal subluxation symptoms,0,13,0%,51.08
how many consecutive push ups is good,0,13,0%,52.38
b. j. palmer,0,13,0%,56.38
fish oil gel capsules,0,13,0%,60.23
chiropractor death,0,13,0%,60.69
does calcium prevent osteoporosis,0,13,0%,64.69
posture exercises for teenagers,0,13,0%,73.92
kids posture,0,13,0%,77.69
can chiropractors prescribe pain medication,0,13,0%,87.92
neuropathy in hands symptoms,0,12,0%,1.92
best fish oil liquid supplement,0,12,0%,2
best omega-3 liquid supplement,0,12,0%,2
spine decompression,0,12,0%,3.5
spine clinic near me,0,12,0%,4.17
neuropathy definition,0,12,0%,6.25
shockwave therapy near me,0,12,0%,7
pain centers near me,0,12,0%,8.33
synergy nm,0,12,0%,11.5
synergy spine and sport,0,12,0%,16.75
best liquid fish oil for adults,0,12,0%,19.83
back pain treatment near me,0,12,0%,20.83
synergy spine solutions,0,12,0%,49.33
lumbar spine nerve chart,0,12,0%,50.58
high fructose corn syrup cons,0,12,0%,52
can exercise make you smarter,0,12,0%,53.42
exercise makes you smarter,0,12,0%,57.17
spine organ chart,0,12,0%,58
nerves of the spine chart,0,12,0%,61.17
died from chiropractor,0,12,0%,66.5
nerve charts,0,12,0%,74
is excedrin good for back pain,0,12,0%,77.92
where does arsenic in rice come from,0,12,0%,84.25
how many pushups in a row is good,0,12,0%,85.42
body nerve chart,0,12,0%,88.25
neuropathy symptoms in hands,0,11,0%,1.82
best omega 3 liquid supplement,0,11,0%,1.91
liquid fish oil near me,0,11,0%,2
burgerstein omega 3 liquid product info and reviews,0,11,0%,2.82
1453 rio rancho blvd,0,11,0%,5.18
spine doctor,0,11,0%,6.09
best liquid fish oil supplement,0,11,0%,10.27
physical rehabilitation rio rancho,0,11,0%,22.82
can you buy fish oil in liquid form,0,11,0%,24.73
the joint chiropractic rio rancho,0,11,0%,34.64
rio pecos chiropractic,0,11,0%,39.27
gonstead physical medicine rio rancho,0,11,0%,42.91
spine nerves chart,0,11,0%,45.09
pros and cons of hfcs,0,11,0%,50.55
b j palmer,0,11,0%,54
chiropractor spine chart,0,11,0%,59.36
high fructose corn syrup is bad,0,11,0%,79.64
dr bradley chiropractic,0,11,0%,84.55
is arsenic in rice,0,11,0%,85
rio rancho yoga,0,11,0%,87.45
why high fructose corn syrup is bad,0,11,0%,89.91
does rice have arsenic in it naturally,0,11,0%,92.09
local guide program,0,10,0%,1
peripheral neuropathy twitching all over body,0,10,0%,1.7
nordic naturals omega 3 liquid reviews,0,10,0%,2
synergy near me,0,10,0%,2
omega 3 liquid supplement,0,10,0%,2.1
liquid fish oil canada,0,10,0%,2.3
omega 3 liquid holland and barrett,0,10,0%,2.3
omega 3 oil liquid,0,10,0%,2.3
headache relief near me,0,10,0%,3
omega-3 fish oil liquid,0,10,0%,3.4
sciatica relief near me,0,10,0%,3.5
spinal decompression machine,0,10,0%,4.7
synerhy,0,10,0%,4.7
symptoms peripheral neuropathy,0,10,0%,6.1
synergy clinic,0,10,0%,6.1
what is the symptoms of neuropathy,0,10,0%,6.4
"synergy spine and nerve center, chiropractor, rio rancho",0,10,0%,7.3
spine surgeon near me,0,10,0%,9
muscular neuropathy symptoms,0,10,0%,23.9
synergy pain,0,10,0%,36.6
spine solutions albuquerque,0,10,0%,43.7
pain specialist,0,10,0%,44.6
cannon strength,0,10,0%,44.9
rio rancho orthopedics,0,10,0%,45.9
how do chickens like to sleep,0,10,0%,51.7
spinal connection,0,10,0%,55.7
does working out make you smarter,0,10,0%,60.3
how long to brush,0,10,0%,63
are liquid gels better than caplets,0,10,0%,63.6
synergy chiropractic & physical therapy,0,10,0%,64
does excedrin work for back pain,0,10,0%,68.8
chart of nerves from spine,0,10,0%,78.5
why hfcs is bad,0,10,0%,80
which is better sea moss gel or capsules,0,10,0%,81.9
is aspirin good for back pain,0,10,0%,83.2
can chiropractors prescribe meds,0,10,0%,93.2
how to consume fish oil,0,9,0%,1
neck pain relief near me,0,9,0%,1
where to buy liquid fish oil,0,9,0%,1.89
liquid fish oil for kids,0,9,0%,2
liquid omega-3 supplement,0,9,0%,2
omega 3 flytande,0,9,0%,2
back pain relief near me,0,9,0%,2.44
omega 3,0,9,0%,2.56
omega 3 fish oil liquid form,0,9,0%,2.56
synerggy,0,9,0%,4
synregy,0,9,0%,4.44
discseel procedure near me,0,9,0%,4.78
back doctor,0,9,0%,5.33
syneegy,0,9,0%,5.56
side effects of neuropathy,0,9,0%,6.44
common symptoms of neuropathy,0,9,0%,6.78
syndergy,0,9,0%,7.33
back pain relief ponderosa,0,9,0%,18.22
nerve graph,0,9,0%,34.56
back exercises for kids,0,9,0%,34.89
child posture exercises,0,9,0%,35.89
nm pain center rio rancho,0,9,0%,36.67
synergy release therapy,0,9,0%,43.78
nehemiah griego family,0,9,0%,48.56
katie may quiropractico,0,9,0%,53.11
how many incline push ups equal 1 pushup,0,9,0%,53.56
does exercising make you smarter,0,9,0%,56.78
gelcaps omega 3,0,9,0%,57.11
death by chiropractor,0,9,0%,63.78
synergy chiropractic and wellness,0,9,0%,74.67
subluxation,0,9,0%,76.11
massage rio rancho nm,0,9,0%,77
spinal care westchester,0,9,0%,77.22
does rice have arsenic,0,9,0%,81.67
nerve body chart,0,9,0%,88.44
can chiropractors prescribe medications,0,9,0%,91.89
do chiropractors prescribe drugs,0,9,0%,92.33
aceite de pescado líquido,0,8,0%,1.25
omega 3 kids liquid,0,8,0%,1.75
toxic neuropathy symptoms,0,8,0%,1.88
omega 3 vloeibaar,0,8,0%,2
nerve chart back,0,8,0%,2.25
omega 3 in liquid form,0,8,0%,2.38
рыбий жир как принимать жидкий,0,8,0%,2.5
benefits of cod liver oil,0,8,0%,3
is cod liver oil good for you,0,8,0%,3
spine surgeons near me,0,8,0%,3.25
synergy wellness,0,8,0%,3.62
sinergy,0,8,0%,3.75
neuropathy specialist near me,0,8,0%,4.62
synergyt,0,8,0%,4.75
synergy care,0,8,0%,5.12
syengery,0,8,0%,5.5
back and spine specialist,0,8,0%,6.25
nordic naturals ultimate omega liquid,0,8,0%,6.38
top rated chiropractor near me,0,8,0%,6.62
how to fix sciatica,0,8,0%,7.88
what are neuropathy symptoms,0,8,0%,8.25
neck pain albuquerque,0,8,0%,11
katie cause of death information,0,8,0%,18.62
katie's death cause,0,8,0%,19.5
site:synergyspineandnerve.com,0,8,0%,19.75
best chiropractor in albuquerque,0,8,0%,23.25
chiropractor and massage near me,0,8,0%,25.25
fish oil supplement liquid,0,8,0%,33.62
synergy booking,0,8,0%,33.75
best way to take liquid fish oil,0,8,0%,44.25
synergy diet,0,8,0%,44.5
triune chiro,0,8,0%,48.75
canoeing shooting,0,8,0%,57.88
synergy chiropractic and physical therapy reviews,0,8,0%,58.62
physical synergy fairfield,0,8,0%,58.88
nutritional synergy,0,8,0%,62.5
fructose syrup bad,0,8,0%,73.5
calcium and osteoporosis,0,8,0%,75.12
calcium in osteoporosis,0,8,0%,76.25
canoe battleship,0,8,0%,78
synergy chiropractic wentzville mo,0,8,0%,79.12
chiropractor taos nm,0,8,0%,80.62
is high fructose corn syrup unhealthy,0,8,0%,83.62
is high fructose syrup bad for you,0,8,0%,90.12
shoot a cannon,0,8,0%,90.12
high resort pain and spine,0,8,0%,91.5
massage near me,0,8,0%,95.12
spinal chart nerves,0,7,0%,1
fish oil for kids liquid,0,7,0%,1.57
omega 3 supplements liquid form,0,7,0%,2
omega 3 liquid form,0,7,0%,2.14
fish oil not in pill form,0,7,0%,2.43
рыбий жир жидкий как принимать,0,7,0%,2.43
omega 3 flüssig,0,7,0%,3.14
brain and spine,0,7,0%,3.29
spine nerve pain chart,0,7,0%,3.29
synetgy,0,7,0%,4.14
sybnergy,0,7,0%,6.29
synergy medical,0,7,0%,6.43
headache treatment albuquerque,0,7,0%,6.71
under pain and spine clinic,0,7,0%,6.86
decompression table,0,7,0%,8.57
chiropractor nerve chart,0,7,0%,8.71
back pain relief,0,7,0%,9.29
pain center near me,0,7,0%,10
artificial disc replacement,0,7,0%,13
kinesiology near me,0,7,0%,15
quiropráctico near me,0,7,0%,21.14
fish oil vs capsules,0,7,0%,27.29
liquid fish oil benefits,0,7,0%,29
rio rancho asthma treatment,0,7,0%,31.29
cynergy chiropractic center,0,7,0%,37.14
albuquerque headache treatment,0,7,0%,41
chiropractic albuquerque nm,0,7,0%,41
lundgren chiro,0,7,0%,41.43
lundgren chiropractic center,0,7,0%,44.14
synergy woodland hills,0,7,0%,47.71
synergy health chiropractic center,0,7,0%,52.29
spinal hygiene kit,0,7,0%,55.86
spine and nerves chart,0,7,0%,56.57
how bad is hfcs,0,7,0%,56.86
is hfcs bad,0,7,0%,64.43
fish oil cap,0,7,0%,65
physical synergy fairfield connecticut,0,7,0%,68.29
is hfcs bad for you,0,7,0%,72.86
spinal care westmont,0,7,0%,72.86
high fructose corn syrup good or bad,0,7,0%,76.29
osteoporosis calcium,0,7,0%,77.14
does excedrin help with back pain,0,7,0%,80.86
are corn syrup solids bad for you,0,7,0%,82.14
woodridge chiropractic traction,0,7,0%,82.86
how many pushups in a row,0,7,0%,83.14
do liquid gels work faster than tablets,0,7,0%,85
high fructose corn syrup is bad for you,0,7,0%,85.86
osteoporosis and calcium,0,7,0%,88.14
why does rice contain arsenic,0,7,0%,88.71
spinealign center,0,7,0%,89.57
arsenic in rice,0,7,0%,90.29
can a chiropractor prescribe medicine,0,7,0%,92.29
best spinal surgeons near me,0,6,0%,1
neck pain treatment near me,0,6,0%,1
spine map,0,6,0%,1
back specialist,0,6,0%,1.33
best form of fish oil,0,6,0%,1.83
best liquid omega 3,0,6,0%,1.83
fish oil supplements liquid form,0,6,0%,1.83
best cod liver oil for adults,0,6,0%,2
best liquid omega-3 supplement,0,6,0%,2
cod liver oil chemist warehouse,0,6,0%,2
omega 3 supplement liquid,0,6,0%,2
pure fish oil liquid,0,6,0%,2
straight chiropractic near me,0,6,0%,2
synergy home care,0,6,0%,2
visolie vloeibaar,0,6,0%,2
рыбий жир натуральный жидкий,0,6,0%,2
flytande fiskolja,0,6,0%,2.17
where can i buy liquid fish oil,0,6,0%,2.17
как пить рыбий жир жидкий,0,6,0%,2.33
liquid fish oil chemist warehouse,0,6,0%,2.5
pudendal neuralgia,0,6,0%,2.83
"sunday natural oméga-3 vegan à base d'huile d'algues forme liquide avec 
epa + dha product info and reviews",0,6,0%,2.83
рыбий жир,0,6,0%,2.83
spinal flow technique near me,0,6,0%,3.33
spinal specialist near me,0,6,0%,4.17
synerguy,0,6,0%,4.5
back and spine doctors near me,0,6,0%,4.83
are cod liver oil capsules as good as liquid,0,6,0%,5.67
symptoms of peripheral neuritis,0,6,0%,5.83
synergty,0,6,0%,6
peripheral.neuropathy symptoms,0,6,0%,6.17
neuropathy symtoms,0,6,0%,6.33
synegery,0,6,0%,6.67
what is neuropathy symptoms,0,6,0%,6.83
acupuncture for neuropathy near me,0,6,0%,7.17
ring dinger chiropractor near me,0,6,0%,7.33
synerby,0,6,0%,7.5
relative sweetness hfcs-55 vs sucrose,0,6,0%,7.67
kinesiologist near me,0,6,0%,9.17
fish oil tablets vs liquid,0,6,0%,10.33
illuminate chiropractic albuquerque,0,6,0%,11
posture correction exercises for children,0,6,0%,11
pain doctors near me,0,6,0%,13
nerve health score,0,6,0%,14.33
kids posture exercise,0,6,0%,14.5
neural therapy,0,6,0%,15
rio chiropractic,0,6,0%,26
mononeuropathy symptoms,0,6,0%,28.83
synergy pain relief,0,6,0%,32.67
liquid fish oil for adults,0,6,0%,32.83
is cod liver oil liquid better than capsules,0,6,0%,38.17
bodywork placitas nm,0,6,0%,38.5
pain management doctors,0,6,0%,47.17
synergy westlake village,0,6,0%,47.17
b.j. palmer,0,6,0%,49
how many incline push-ups equal 1 pushup,0,6,0%,55.17
pairmore & young synergy chiropractic,0,6,0%,55.67
nerve chart chiropractic,0,6,0%,56.33
nerve center,0,6,0%,61.83
canoe headshot,0,6,0%,62.83
pushups how many,0,6,0%,65
vertebral subluxation and nerve chart,0,6,0%,65.17
rio rancho massage,0,6,0%,68.33
sha test,0,6,0%,69.67
lordosis exercises for kids,0,6,0%,69.83
shoulder pain relief rancho palos verdes,0,6,0%,70.33
is corn syrup solids bad for you,0,6,0%,70.67
is regular corn syrup bad for you,0,6,0%,71.83
chiropractic traction rolling meadows,0,6,0%,75
phenix city spine and joint center,0,6,0%,75
synergy wellness solutions,0,6,0%,75.83
corn syrup bad for you,0,6,0%,77.17
bradley chiropractic nutrition center,0,6,0%,77.33
rio rancho physical therapy,0,6,0%,77.83
negatives of high fructose corn syrup,0,6,0%,78
push ups how many,0,6,0%,79.33
nm chiropractic,0,6,0%,79.5
capsule vs gel cap,0,6,0%,80.67
does aspirin help with back pain,0,6,0%,80.83
will aspirin help back pain,0,6,0%,81.67
what is bad about high fructose corn syrup,0,6,0%,82
sciatica pain relief rancho palos verdes,0,6,0%,83.17
is rice arsenic,0,6,0%,83.33
sha],0,6,0%,85.17
lumbar nerve chart,0,6,0%,85.5
shoot cannon,0,6,0%,87.67
synergy chiropractic georgia,0,6,0%,88
high fructose corn syrup unhealthy,0,6,0%,88.17
neuropathic chiropractor,0,5,0%,1
peripheral neuropathy cold hands and feet,0,5,0%,1
sciatica doctor near me,0,5,0%,1.2
bell's palsy specialist near me,0,5,0%,1.4
symptoms of severe neuropathy,0,5,0%,1.8
best fish oil liquid uk,0,5,0%,2
hypol liquid,0,5,0%,2
omega 3 vegan flüssig,0,5,0%,2
omega 3 öl flüssig,0,5,0%,2
"sunday natural oméga-3 vegan à base d'huile d'algues forme liquide avec 
epa + dha reviews",0,5,0%,2
best fish oil supplement liquid,0,5,0%,2.2
best liquid fish oil supplements,0,5,0%,2.2
neck and spine,0,5,0%,2.2
omega 3 liquido,0,5,0%,2.2
spine and wellness center near me,0,5,0%,2.8
cod liver oil side effects,0,5,0%,3
nordic naturals fish oil liquid,0,5,0%,3
aceite de pescado liquido,0,5,0%,3.4
nordic naturals omega-3 liquid,0,5,0%,3.6
рыбий жир жидкий купить,0,5,0%,3.6
ethical nutrients fish oil liquid,0,5,0%,3.8
decompression,0,5,0%,4.2
synagry,0,5,0%,4.4
"liquid omega-3 (natural lemon), 4580 mg (per serving), 16 fl oz (473 ml) 
bottle product info and reviews",0,5,0%,4.6
sengery,0,5,0%,4.6
synbergy,0,5,0%,4.6
vegan omega 3 liquid,0,5,0%,4.8
how to help neck pain,0,5,0%,5
sign of neuropathy,0,5,0%,5
spines,0,5,0%,5
synwrgy,0,5,0%,5.4
best spine doctor near me,0,5,0%,5.6
nordic naturals omega-3 liquid epa dha amounts,0,5,0%,5.8
synergy \,0,5,0%,5.8
synergy healthcare,0,5,0%,6
perioheral neuropathy symptoms,0,5,0%,6.2
back surgeons near me,0,5,0%,6.4
symptom of peripheral neuropathy,0,5,0%,6.4
synagy,0,5,0%,6.4
synrgey,0,5,0%,6.4
symptoms.of neuropathy,0,5,0%,6.6
nervous system scan chiropractor,0,5,0%,7
fish oil supplements liquid,0,5,0%,7.6
pain and spine clinic near me,0,5,0%,8.2
rife therapy near me,0,5,0%,8.4
sciatica treatments,0,5,0%,8.8
spine dr,0,5,0%,9.2
minyak cap ikan,0,5,0%,9.4
pain specialist near me,0,5,0%,9.4
sciatica,0,5,0%,9.8
dot physical chiropractor near me,0,5,0%,10
pain clinics near me,0,5,0%,10
chiro near me,0,5,0%,10.8
dr barber chiropractor,0,5,0%,10.8
spinal laser surgery,0,5,0%,10.8
top chiropractor near me,0,5,0%,12.2
walk in chiropractor near me,0,5,0%,14.8
katie death cause,0,5,0%,16.6
liquid fish oil vs capsules reddit,0,5,0%,21.2
what are the signs of neuropathy,0,5,0%,24.4
pros and cons of corn syrup,0,5,0%,33.6
chiropractor edgewood,0,5,0%,35.6
spine and organs chart,0,5,0%,35.8
medical professionals rio rancho nm,0,5,0%,39
spinal synergy,0,5,0%,39.6
krill oil liquid vs capsule,0,5,0%,40.4
nerve and spine,0,5,0%,40.8
a patient experiencing a subluxation should be treated by,0,5,0%,41.2
synergy chiropractic clinic,0,5,0%,41.8
bradley chiropractic center,0,5,0%,42
melt away pain,0,5,0%,46.2
regen spine and nerve,0,5,0%,48
brad spine,0,5,0%,49.4
massage in rio rancho,0,5,0%,50.8
canoeing shot,0,5,0%,51.4
physical synergy fairfield ct,0,5,0%,53.2
cod liver oil softgels vs liquid,0,5,0%,56.8
why is high fructose corn syrup bad for you,0,5,0%,59.6
synergy fairfield,0,5,0%,60.2
liquid gel vs tablet,0,5,0%,68.8
chiropractic chart of nerves,0,5,0%,69.8
posture for kids,0,5,0%,70
sha',0,5,0%,71
calcium for osteoporosis prevention,0,5,0%,71.4
how bad is corn syrup,0,5,0%,72.2
how many push ups can you do,0,5,0%,72.2
is high-fructose corn syrup bad for you,0,5,0%,72.2
chiropractor prescription,0,5,0%,74.2
corn syrup solids bad for you,0,5,0%,74.2
do calcium supplements help osteoporosis,0,5,0%,74.8
why is high fructose corn syrup bad,0,5,0%,76
painkillers back pain,0,5,0%,81.8
does aspirin help back pain,0,5,0%,82
how unhealthy is high fructose corn syrup,0,5,0%,82
katie mays,0,5,0%,82.6
does calcium help prevent osteoporosis,0,5,0%,85.2
meaning subluxation,0,5,0%,85.2
how many incline push ups a day,0,5,0%,85.6
can sha,0,5,0%,86.4
lumbar nerve map,0,5,0%,87
what rice contains arsenic,0,5,0%,87.2
does ibuprofen help with back pain,0,5,0%,95.8
chiropractor body chart,0,4,0%,1
nerve chart for spine,0,4,0%,1
peripheral neuropathy cold,0,4,0%,1
spine and organs,0,4,0%,1
spine center near me,0,4,0%,1
spine injury lawyer hobbs,0,4,0%,1